year,quarter,quarter_num,period,period_order,industry_norm,region,employees_hired,workforce_layoffs,employee_satisfaction,satisfaction_n,avg_salary,salary_n,ai_adoption_score,automation_level,attrition_rate,layoff_risk_score,layoffs_count,layoff_percentage,open_roles,remote_jobs_percentage,employee_sentiment,job_security_score,ai_replacement_risk,ai_automation_impact
2024,Q1,1,2024 Q1,20241,AI,Asia-Pacific,4023657,985722,71.89551777434312,647,128853.83050847458,649,72.67993874425727,71.70597243491578,14.97156202143951,28.361868300153137,151562,10.265714285714287,203369,44.48,6.525714285714286,6.225714285714286,7.048571428571428,6.525714285714286
2024,Q1,1,2024 Q1,20241,AI,Europe,4054332,972040,72.2988148148148,675,129278.91084695394,673,72.62058823529412,72.38235294117646,14.853514705882352,26.215588235294117,322276,13.40566037735849,286043,52.34339622641509,6.5,5.645283018867924,7.150943396226415,6.832075471698114
2024,Q1,1,2024 Q1,20241,AI,North America,3987632,1006429,72.34553571428572,672,128289.26378539493,671,71.91911764705883,72.11470588235294,14.80225,26.560882352941178,258272,15.234146341463415,210955,51.556097560975616,6.580487804878049,5.570731707317074,7.370731707317073,6.597560975609756
2024,Q1,1,2024 Q1,20241,Cloud,Asia-Pacific,1556158,397618,70.52048192771083,249,85609.32411067194,253,58.35294117647059,57.12549019607843,15.272941176470589,29.00941176470588,237303,11.454166666666666,102191,44.65625,6.825,5.96875,7.39375,6.3
2024,Q1,1,2024 Q1,20241,Cloud,Europe,1395854,338147,71.51136363636364,220,83143.39545454546,220,57.158371040723985,57.11764705882353,14.929819004524887,28.135294117647057,216301,13.777358490566039,134358,50.84339622641509,6.741509433962264,5.754716981132075,7.066037735849057,5.973584905660378
2024,Q1,1,2024 Q1,20241,Cloud,North America,1310924,333047,70.87692307692308,221,84983.85454545454,220,57.46875,56.03125,15.245446428571428,28.34107142857143,216339,10.785416666666668,120946,52.40208333333334,6.579166666666667,5.9437500000000005,6.591666666666666,6.352083333333333
2024,Q1,1,2024 Q1,20241,Cybersecurity,Asia-Pacific,1643045,408104,71.14485294117648,272,86231.36727272728,275,57.6101083032491,57.20216606498195,15.413249097472924,28.07039711191336,271191,11.666666666666666,147349,45.782456140350874,6.682456140350877,6.021052631578947,6.671929824561404,5.889473684210526
2024,Q1,1,2024 Q1,20241,Cybersecurity,Europe,1565991,358921,71.0588,250,84359.95617529881,251,57.608695652173914,57.25296442687747,15.195770750988142,25.869169960474306,195895,12.53170731707317,89768,52.260975609756095,6.339024390243902,5.726829268292683,7.048780487804878,5.668292682926829
2024,Q1,1,2024 Q1,20241,Cybersecurity,North America,1404986,339518,71.30663716814159,226,85566.20434782609,230,57.06926406926407,55.03030303030303,15.259437229437228,27.20952380952381,290459,12.239285714285714,141891,49.526785714285715,6.351785714285714,5.45,7.430357142857143,6.551785714285714
2024,Q1,1,2024 Q1,20241,E-Commerce,Asia-Pacific,1382986,329917,71.0091743119266,218,83539.8401826484,219,56.3,55.222727272727276,15.063681818181816,26.848636363636363,347725,13.454098360655738,167078,55.162295081967216,6.483606557377049,5.836065573770492,7.377049180327869,6.050819672131148
2024,Q1,1,2024 Q1,20241,E-Commerce,Europe,1338744,336965,70.97612612612613,222,83052.44642857143,224,58.63157894736842,57.12719298245614,14.60048245614035,26.9469298245614,217528,12.677777777777777,116240,51.08,6.182222222222222,5.702222222222223,7.7444444444444445,6.695555555555556
2024,Q1,1,2024 Q1,20241,E-Commerce,North America,1527310,353910,71.05836734693877,245,85939.32926829268,246,57.975806451612904,57.12096774193548,14.230040322580646,26.534274193548388,191781,12.55,91634,53.24166666666667,6.858333333333333,5.997222222222223,7.172222222222222,5.822222222222222
2024,Q1,1,2024 Q1,20241,FinTech,Asia-Pacific,1425433,359027,71.5253164556962,237,107028.37974683545,237,57.266666666666666,56.80833333333333,14.957541666666666,28.457083333333333,296496,13.42,130390,51.339999999999996,6.463636363636364,5.878181818181818,7.583636363636364,6.36
2024,Q1,1,2024 Q1,20241,FinTech,Europe,1392229,350590,71.24959016393443,244,106272.43852459016,244,57.05263157894737,57.30364372469636,14.710080971659918,25.874493927125506,228154,13.275555555555554,101442,54.43333333333333,6.366666666666666,5.944444444444445,7.08,6.615555555555555
2024,Q1,1,2024 Q1,20241,FinTech,North America,1437571,358356,69.75869565217391,230,104563.02643171806,227,57.85042735042735,57.175213675213676,14.944487179487178,30.25,299700,14.206,120049,49.184,6.417999999999999,5.587999999999999,7.596,7.0
2024,Q1,1,2024 Q1,20241,Gaming,Asia-Pacific,1267883,469995,66.5062801932367,207,84433.02403846153,208,57.92307692307692,55.76923076923077,16.343846153846155,45.61730769230769,153926,13.694117647058825,77856,53.45294117647058,6.444117647058824,5.582352941176471,7.632352941176471,6.241176470588235
2024,Q1,1,2024 Q1,20241,Gaming,Europe,1399930,513248,67.49957627118644,236,84711.59574468085,235,57.49576271186441,58.3771186440678,16.496101694915254,43.626271186440675,250396,13.741176470588234,107376,47.29607843137255,6.3313725490196076,5.682352941176471,7.7254901960784315,6.031372549019609
2024,Q1,1,2024 Q1,20241,Gaming,North America,1428983,567897,66.36816326530612,245,84839.7975708502,247,57.153225806451616,57.07258064516129,16.61983870967742,45.604838709677416,277101,11.110909090909091,126027,48.24727272727272,6.621818181818182,5.912727272727272,7.390909090909091,6.767272727272727
2024,Q2,2,2024 Q2,20242,AI,Asia-Pacific,3915863,960472,71.96371951219511,656,128482.67075038285,653,72.76479514415782,72.28376327769348,14.690531107738998,26.64112291350531,170773,12.424390243902439,219425,53.400000000000006,6.560975609756097,5.8585365853658535,7.343902439024391,6.675609756097561
2024,Q2,2,2024 Q2,20242,AI,Europe,4174119,1001669,71.3624808575804,653,127366.40950920245,652,72.10151515151514,71.50151515151515,15.195666666666666,27.387272727272727,257064,13.542857142857143,302139,49.06428571428571,6.255357142857143,5.573214285714286,7.221428571428571,6.7196428571428575
2024,Q2,2,2024 Q2,20242,AI,North America,3972651,983243,72.08894080996885,642,129860.3644859813,642,72.23456790123457,71.05555555555556,14.744907407407409,26.960956790123458,167742,13.137837837837838,237536,51.32432432432432,6.440540540540541,5.65945945945946,7.321621621621621,6.489189189189189
2024,Q2,2,2024 Q2,20242,Cloud,Asia-Pacific,1309904,307961,70.45688073394496,218,83426.22222222222,216,57.68181818181818,57.90909090909091,15.214954545454546,26.476363636363637,210180,11.125862068965516,145816,54.76896551724138,6.2620689655172415,5.791379310344827,7.210344827586207,6.631034482758621
2024,Q2,2,2024 Q2,20242,Cloud,Europe,1408767,367116,69.80431034482758,232,84044.59574468085,235,57.36286919831224,56.35021097046413,15.396118143459915,30.031645569620252,247027,14.11153846153846,147008,49.79038461538461,6.638461538461538,5.832692307692308,7.328846153846154,6.826923076923077
2024,Q2,2,2024 Q2,20242,Cloud,North America,1305343,324036,71.03133640552996,217,83360.42325581395,215,57.461187214611876,56.666666666666664,15.072922374429222,27.18310502283105,132293,11.68611111111111,85812,46.96111111111111,6.402777777777778,5.777777777777778,6.858333333333333,5.727777777777778
2024,Q2,2,2024 Q2,20242,Cybersecurity,Asia-Pacific,1491305,343241,70.47842323651452,241,85820.9958506224,241,57.80246913580247,57.97942386831276,15.1579012345679,25.635390946502056,275256,13.204081632653061,108722,54.15918367346939,6.518367346938775,5.755102040816326,7.40204081632653,6.228571428571429
2024,Q2,2,2024 Q2,20242,Cybersecurity,Europe,1379982,337092,71.02488687782805,221,84271.45945945945,222,57.34977578475336,57.143497757847534,15.189730941704036,28.71390134529148,251104,11.580357142857142,141739,52.475,6.6499999999999995,6.1571428571428575,6.835714285714286,5.935714285714285
2024,Q2,2,2024 Q2,20242,Cybersecurity,North America,1434141,371936,70.4797520661157,242,85482.79253112033,241,56.93061224489796,57.265306122448976,15.357265306122448,28.523673469387756,273739,13.913725490196079,111371,42.160784313725486,6.450980392156863,5.37843137254902,7.241176470588235,5.664705882352941
2024,Q2,2,2024 Q2,20242,E-Commerce,Asia-Pacific,1468658,357291,69.97824267782427,239,85511.81355932204,236,57.041666666666664,56.74583333333333,15.131958333333333,28.103749999999998,314054,14.850980392156861,113609,47.956862745098036,6.052941176470588,5.2666666666666675,7.578431372549019,6.711764705882353
2024,Q2,2,2024 Q2,20242,E-Commerce,Europe,1445803,346135,70.88405172413792,232,84718.96069868996,229,57.8068669527897,56.85407725321888,15.646652360515022,27.84291845493562,252885,14.611904761904762,103290,46.37857142857143,6.4071428571428575,5.552380952380952,7.690476190476191,6.464285714285714
2024,Q2,2,2024 Q2,20242,E-Commerce,North America,1527126,338310,71.46077586206897,232,85294.59227467811,233,57.15744680851064,57.242553191489364,15.291063829787234,26.81446808510638,202609,10.022916666666667,126820,50.47083333333333,6.602083333333333,6.097916666666666,6.5687500000000005,5.366666666666667
2024,Q2,2,2024 Q2,20242,FinTech,Asia-Pacific,1439806,352579,71.0874458874459,231,104227.52212389381,226,57.205128205128204,56.388888888888886,15.179786324786326,28.744017094017096,289206,11.232758620689655,140058,56.80172413793103,6.460344827586207,6.077586206896552,7.198275862068965,6.229310344827587
2024,Q2,2,2024 Q2,20242,FinTech,Europe,1461451,343240,71.40546218487395,238,104822.74576271187,236,57.62083333333333,57.895833333333336,14.560083333333333,26.97416666666667,238728,10.269642857142857,169355,54.926785714285714,6.946428571428571,6.144642857142857,7.101785714285714,6.153571428571429
2024,Q2,2,2024 Q2,20242,FinTech,North America,1367480,350398,70.95720524017467,229,104471.28070175438,228,57.24242424242424,56.17316017316017,15.108744588744589,27.942857142857143,141205,12.86060606060606,76997,50.67272727272727,6.381818181818182,5.996969696969697,6.978787878787879,6.190909090909091
2024,Q2,2,2024 Q2,20242,Gaming,Asia-Pacific,1296322,468367,67.01469194312796,211,85376.69483568076,213,58.13551401869159,57.453271028037385,16.508504672897196,44.23504672897196,210357,10.422916666666667,133884,50.06666666666666,6.6000000000000005,6.335416666666667,7.3,6.739583333333333
2024,Q2,2,2024 Q2,20242,Gaming,Europe,1251142,511349,66.64202898550724,207,83733.60576923077,208,57.39047619047619,56.58571428571429,17.347571428571428,48.64523809523809,142085,11.440624999999999,94451,47.853125,7.28125,6.225,6.621875,5.621875
2024,Q2,2,2024 Q2,20242,Gaming,North America,1436394,567715,67.39958158995816,239,84211.2,240,57.614107883817425,57.54356846473029,16.810207468879668,47.34066390041494,258156,13.787234042553191,121081,47.93191489361703,6.468085106382978,5.7042553191489365,7.287234042553192,6.2468085106382985
2024,Q3,3,2024 Q3,20243,AI,Asia-Pacific,4103456,1013771,71.11828737300435,689,127048.41014492753,690,72.02449567723343,71.86455331412104,15.12113832853026,26.796253602305473,315444,11.628813559322035,274157,57.79491525423729,6.401694915254237,6.01864406779661,7.516949152542373,6.88135593220339
2024,Q3,3,2024 Q3,20243,AI,Europe,4182151,1027229,70.71294964028777,695,129723.85,700,72.25568181818181,71.52698863636364,15.21715909090909,26.888210227272726,211749,12.822727272727274,251719,49.23636363636364,6.325,5.840909090909091,7.35,6.527272727272727
2024,Q3,3,2024 Q3,20243,AI,North America,4353667,1027161,71.32028985507246,690,128693.23265895953,692,72.4683908045977,72.25287356321839,15.398951149425287,27.02255747126437,223399,12.140384615384615,260797,50.58653846153846,6.050000000000001,5.721153846153846,6.967307692307693,5.426923076923076
2024,Q3,3,2024 Q3,20243,Cloud,Asia-Pacific,1267353,353227,70.34454976303319,211,84766.34433962264,212,58.25581395348837,57.651162790697676,15.19586046511628,31.2846511627907,154938,11.195555555555556,132087,50.61333333333333,6.626666666666666,6.140000000000001,6.746666666666667,6.357777777777779
2024,Q3,3,2024 Q3,20243,Cloud,Europe,1378936,342469,70.9959090909091,220,84875.14155251141,219,58.130630630630634,56.67567567567568,15.501621621621622,29.227027027027024,190109,11.69111111111111,124853,45.81555555555555,6.571111111111111,5.8355555555555565,7.093333333333333,6.94
2024,Q3,3,2024 Q3,20243,Cloud,North America,1176884,280530,72.13908629441624,197,85866.84771573605,197,57.14070351758794,57.25125628140704,14.78175879396985,24.615577889447238,186426,10.30754716981132,161139,52.91698113207547,6.605660377358491,5.845283018867924,7.013207547169811,7.052830188679246
2024,Q3,3,2024 Q3,20243,Cybersecurity,Asia-Pacific,1359140,324545,70.31374407582939,211,84579.63033175355,211,58.45497630331754,58.18957345971564,14.785545023696683,29.672037914691945,276449,12.846938775510203,122415,50.24285714285715,6.622448979591836,5.93061224489796,7.059183673469387,6.740816326530613
2024,Q3,3,2024 Q3,20243,Cybersecurity,Europe,1452023,366071,70.99061224489796,245,83926.10162601626,246,57.336032388663966,57.036437246963565,15.02748987854251,27.128340080971657,244061,12.32391304347826,118173,54.143478260869564,6.4913043478260875,5.956521739130435,7.104347826086957,5.92608695652174
2024,Q3,3,2024 Q3,20243,Cybersecurity,North America,1458824,341917,71.32987012987013,231,84439.08695652174,230,57.437768240343345,57.27467811158798,14.782703862660943,27.2343347639485,194454,12.356521739130434,127784,51.356521739130436,6.636956521739131,6.006521739130435,6.3304347826086955,5.315217391304348
2024,Q3,3,2024 Q3,20243,E-Commerce,Asia-Pacific,1319840,354124,69.86508620689655,232,83277.33766233767,231,57.22127659574468,54.97021276595745,15.535914893617022,29.078297872340425,191278,13.553333333333333,105000,44.74666666666666,6.528888888888889,5.8244444444444445,7.102222222222223,5.915555555555556
2024,Q3,3,2024 Q3,20243,E-Commerce,Europe,1330441,313345,70.53819095477387,199,83503.07920792079,202,56.31372549019608,57.01470588235294,14.421470588235294,28.525980392156864,150050,12.2875,98254,49.7375,6.7700000000000005,5.779999999999999,7.25,6.57
2024,Q3,3,2024 Q3,20243,E-Commerce,North America,1609242,373131,69.74563492063493,252,86290.50988142293,253,57.470588235294116,56.02745098039216,14.943176470588236,27.82078431372549,278945,11.575438596491228,134829,49.20701754385965,6.761403508771929,5.9298245614035086,7.298245614035087,6.863157894736842
2024,Q3,3,2024 Q3,20243,FinTech,Asia-Pacific,1414416,339020,70.78181818181818,231,102892.98268398269,231,56.27038626609442,55.128755364806864,14.779742489270385,27.59785407725322,303468,13.991111111111111,89094,52.02444444444444,6.319999999999999,5.844444444444444,7.464444444444444,6.866666666666666
2024,Q3,3,2024 Q3,20243,FinTech,Europe,1382453,335510,70.00888888888889,225,103951.81333333334,225,56.969162995594715,57.74889867841409,14.434493392070484,26.96035242290749,222045,14.074285714285715,88978,52.42285714285714,6.24,5.777142857142857,6.817142857142857,6.408571428571429
2024,Q3,3,2024 Q3,20243,FinTech,North America,1352144,346699,70.1027149321267,221,105387.34389140272,221,57.94642857142857,58.107142857142854,15.272767857142856,29.495982142857144,181895,11.038095238095238,110503,51.29761904761905,6.1952380952380945,5.678571428571429,7.002380952380953,6.669047619047619
2024,Q3,3,2024 Q3,20243,Gaming,Asia-Pacific,1436500,497190,68.25506607929515,227,84611.66517857143,224,56.5938864628821,55.7117903930131,16.278951965065502,42.327947598253274,322400,13.96326530612245,113059,45.06938775510204,6.146938775510204,5.76530612244898,7.093877551020409,5.571428571428571
2024,Q3,3,2024 Q3,20243,Gaming,Europe,1348375,515050,67.97088607594937,237,85829.26160337553,237,57.97899159663866,57.945378151260506,15.91689075630252,43.741176470588236,283794,13.295918367346939,120761,48.21632653061224,6.9346938775510205,5.783673469387755,7.7306122448979595,6.910204081632654
2024,Q3,3,2024 Q3,20243,Gaming,North America,1366211,496455,67.43411214953271,214,84517.97196261682,214,57.574074074074076,57.49074074074074,16.75324074074074,45.430092592592594,236703,10.705555555555556,143212,47.34074074074074,6.931481481481482,6.314814814814815,6.890740740740741,6.1
2024,Q4,4,2024 Q4,20244,AI,Asia-Pacific,4076838,1038526,71.05643274853801,684,128960.57016248154,677,72.8055152394775,72.31349782293178,15.058635703918723,28.173730043541365,246933,14.404444444444445,254613,55.26444444444444,6.377777777777778,5.488888888888889,7.857777777777779,6.515555555555555
2024,Q4,4,2024 Q4,20244,AI,Europe,4172429,1043538,71.75320699708455,686,128336.88416422288,682,72.17366136034732,71.00578871201158,15.178162083936325,28.744573082489147,266812,12.894339622641509,303569,48.660377358490564,6.392452830188679,5.99811320754717,6.9490566037735855,5.932075471698113
2024,Q4,4,2024 Q4,20244,AI,North America,3984448,1010195,71.9550156739812,638,128024.10567823343,634,72.33798449612404,71.63100775193799,15.347255813953488,28.604341085271315,325272,14.924528301886792,293036,53.320754716981135,6.4547169811320755,5.390566037735849,7.726415094339623,6.973584905660378
2024,Q4,4,2024 Q4,20244,Cloud,Asia-Pacific,1352577,343899,70.42805429864254,221,85293.08108108108,222,57.34375,56.86607142857143,14.949598214285714,28.41339285714286,247090,13.948837209302324,87921,55.199999999999996,6.390697674418605,5.653488372093023,7.274418604651163,6.253488372093023
2024,Q4,4,2024 Q4,20244,Cloud,Europe,1450540,341942,70.9868085106383,235,83440.25106382978,235,57.79661016949152,57.182203389830505,15.032372881355931,26.784745762711864,323098,14.927450980392155,121336,51.11960784313725,6.866666666666666,5.670588235294117,7.870588235294117,6.7176470588235295
2024,Q4,4,2024 Q4,20244,Cloud,North America,1304597,305986,71.31935483870967,217,84440.16513761468,218,57.74429223744292,57.15068493150685,14.750913242009132,24.459817351598172,248195,15.581632653061224,115223,44.097959183673474,6.424489795918368,5.420408163265306,7.514285714285714,6.189795918367347
2024,Q4,4,2024 Q4,20244,Cybersecurity,Asia-Pacific,1791999,395299,71.59077490774908,271,85005.9704797048,271,57.33455882352941,55.5625,14.897867647058822,27.168014705882353,286203,11.632692307692308,123684,48.45,6.744230769230769,6.132692307692308,6.948076923076924,6.042307692307692
2024,Q4,4,2024 Q4,20244,Cybersecurity,Europe,1487265,358637,70.44717741935484,248,85713.82186234818,247,57.78,56.404,15.18296,26.4324,133813,12.62857142857143,90738,52.38214285714286,6.771428571428571,5.742857142857143,7.296428571428572,6.385714285714286
2024,Q4,4,2024 Q4,20244,Cybersecurity,North America,1442408,349780,70.7510460251046,239,83375.20987654322,243,56.62551440329218,56.39506172839506,14.559135802469136,26.509876543209874,256710,12.327272727272728,131032,45.5,6.170909090909091,5.710909090909091,7.210909090909091,6.647272727272727
2024,Q4,4,2024 Q4,20244,E-Commerce,Asia-Pacific,1501387,347593,71.31744680851064,235,85330.76371308017,237,57.44769874476987,55.56066945606695,15.586569037656904,25.969456066945607,304373,14.09591836734694,106776,47.861224489795916,6.540816326530612,5.587755102040816,7.348979591836735,5.7122448979591836
2024,Q4,4,2024 Q4,20244,E-Commerce,Europe,1205269,313930,71.11848341232228,211,85335.24154589372,207,57.644549763033176,57.796208530805686,14.872654028436019,26.045497630331756,244923,13.899999999999999,125089,47.53191489361702,6.427659574468086,5.7957446808510635,7.36595744680851,6.395744680851064
2024,Q4,4,2024 Q4,20244,E-Commerce,North America,1299981,308842,70.49665071770335,209,81142.54589371981,207,57.459715639810426,57.70616113744076,15.085308056872037,27.38957345971564,200707,12.214285714285714,131910,48.2125,6.305357142857143,5.598214285714286,7.055357142857143,6.466071428571429
2024,Q4,4,2024 Q4,20244,FinTech,Asia-Pacific,1320633,320655,71.03990610328638,213,104420.98591549296,213,58.12149532710281,57.36915887850467,14.80341121495327,28.044859813084113,227145,10.05,135965,49.375,6.6557692307692315,6.107692307692308,7.380769230769231,6.913461538461538
2024,Q4,4,2024 Q4,20244,FinTech,Europe,1214017,324897,70.58909952606635,211,102817.80281690141,213,56.99065420560748,56.66355140186916,15.00018691588785,28.88177570093458,204679,11.131914893617022,114910,51.638297872340424,6.497872340425531,6.053191489361702,6.8936170212765955,6.008510638297872
2024,Q4,4,2024 Q4,20244,FinTech,North America,1248872,336071,70.58904109589041,219,103660.50462962964,216,57.32272727272727,56.27272727272727,15.298636363636362,29.431363636363635,248148,14.233333333333333,107155,53.62444444444444,6.36888888888889,5.875555555555555,7.497777777777777,6.526666666666666
2024,Q4,4,2024 Q4,20244,Gaming,Asia-Pacific,1503198,534518,67.208,250,85448.292,250,57.776892430278885,56.69721115537848,16.724980079681277,42.332669322709165,174250,12.013333333333334,106626,47.23111111111111,6.564444444444444,6.1688888888888895,7.228888888888889,6.788888888888889
2024,Q4,4,2024 Q4,20244,Gaming,Europe,1274590,475378,67.5586046511628,215,84380.5140186916,214,57.763888888888886,58.24074074074074,16.670416666666668,42.903703703703705,336933,13.594827586206897,127505,53.07241379310344,6.598275862068966,5.651724137931034,7.324137931034483,6.524137931034482
2024,Q4,4,2024 Q4,20244,Gaming,North America,1280890,475957,67.35071090047393,211,86634.83574879228,207,57.45754716981132,57.221698113207545,16.23004716981132,43.76839622641509,229709,11.452173913043477,98088,53.595652173913045,6.691304347826088,6.191304347826088,6.686956521739131,6.643478260869566
2025,Q1,1,2025 Q1,20251,AI,Asia-Pacific,4098191,1009539,72.08853211009175,654,130221.33384379785,653,74.3161094224924,74.51215805471125,15.226914893617021,27.83039513677812,195647,11.05,215128,55.25952380952381,6.980952380952381,6.002380952380952,7.5214285714285705,6.740476190476191
2025,Q1,1,2025 Q1,20251,AI,Europe,4194625,1033446,72.53701578192253,697,130039.59798270893,694,74.98002853067047,74.37375178316691,15.048587731811697,27.285306704707562,236125,10.102,295589,42.136,6.834,6.282,6.644,6.352
2025,Q1,1,2025 Q1,20251,AI,North America,4237811,1036751,72.05103244837758,678,131441.4519940916,677,74.65693430656934,73.58394160583941,14.73792700729927,27.3785401459854,261780,13.200000000000001,266975,54.6875,6.666666666666667,5.78125,7.191666666666666,6.389583333333333
2025,Q1,1,2025 Q1,20251,Cloud,Asia-Pacific,1380407,316730,71.15504587155964,218,84145.76712328767,219,59.409909909909906,59.752252252252255,14.78400900900901,26.48918918918919,248689,13.754000000000001,108778,50.638000000000005,6.36,5.837999999999999,6.747999999999999,5.898
2025,Q1,1,2025 Q1,20251,Cloud,Europe,1646268,423254,70.99736842105263,266,85468.15267175573,262,60.12406015037594,58.984962406015036,15.198834586466164,29.981203007518797,355424,12.423636363636362,130809,49.92,6.352727272727273,5.910909090909091,7.069090909090909,6.87090909090909
2025,Q1,1,2025 Q1,20251,Cloud,North America,1424271,334767,69.6297071129707,239,85720.59915611814,237,58.89626556016597,57.36099585062241,14.755726141078839,25.17883817427386,182611,12.686486486486485,75091,46.01081081081081,6.464864864864865,5.508108108108108,7.300000000000001,6.851351351351352
2025,Q1,1,2025 Q1,20251,Cybersecurity,Asia-Pacific,1578466,382408,70.47834645669292,254,86691.17254901961,255,59.406976744186046,58.565891472868216,14.853488372093022,26.77015503875969,182170,11.385416666666666,126815,44.77708333333334,6.6625000000000005,6.010416666666667,7.08125,5.78125
2025,Q1,1,2025 Q1,20251,Cybersecurity,Europe,1319187,368401,70.04854771784233,241,86159.1125,240,59.20164609053498,58.8724279835391,15.313004115226338,27.930864197530862,213414,12.177083333333334,121692,50.24791666666667,6.664583333333333,6.16875,6.960416666666667,6.404166666666666
2025,Q1,1,2025 Q1,20251,Cybersecurity,North America,1335637,321248,71.76135265700484,207,85669.62857142858,210,58.87677725118483,59.13744075829384,14.274454976303318,27.175829383886256,198922,11.5,137060,53.47608695652174,6.206521739130435,5.889130434782608,6.745652173913044,5.867391304347826
2025,Q1,1,2025 Q1,20251,E-Commerce,Asia-Pacific,1476042,389656,71.14637096774193,248,87832.7389558233,249,59.8,59.356,15.50456,29.15,250403,13.814285714285713,101981,47.973469387755095,6.655102040816327,5.79795918367347,7.622448979591836,7.0285714285714285
2025,Q1,1,2025 Q1,20251,E-Commerce,Europe,1399390,330208,70.55090909090909,220,86954.08294930875,217,59.265765765765764,57.0945945945946,15.497207207207207,28.54234234234234,297622,12.977083333333333,134662,59.3375,6.5249999999999995,5.783333333333334,7.4624999999999995,6.127083333333334
2025,Q1,1,2025 Q1,20251,E-Commerce,North America,1314030,333020,70.70235849056604,212,86486.54460093897,213,59.046728971962615,58.200934579439256,14.656728971962616,27.22710280373832,212158,13.2125,104231,51.0375,6.5525,5.782500000000001,7.2525,6.43
2025,Q1,1,2025 Q1,20251,FinTech,Asia-Pacific,1456454,375557,70.29835390946502,243,107465.7479338843,242,60.43724696356275,59.19433198380567,14.699392712550607,27.752631578947366,373665,13.087096774193547,128186,56.16935483870968,6.325806451612903,5.77741935483871,7.590322580645162,6.724193548387097
2025,Q1,1,2025 Q1,20251,FinTech,Europe,1388931,354689,71.69612068965517,232,105057.97881355933,236,60.186440677966104,58.32203389830509,15.612584745762712,27.855084745762714,231118,12.208695652173914,107283,51.06739130434782,6.515217391304348,5.804347826086956,7.445652173913044,6.96304347826087
2025,Q1,1,2025 Q1,20251,FinTech,North America,1320269,329819,69.84703196347031,219,104829.90045248868,221,58.547511312217196,57.65158371040724,15.123167420814479,26.831221719457012,235780,14.695652173913043,115759,50.373913043478254,6.365217391304348,5.5826086956521745,7.382608695652174,6.26304347826087
2025,Q1,1,2025 Q1,20251,Gaming,Asia-Pacific,1241255,502570,68.42243902439024,205,86095.8243902439,205,59.792270531400966,58.36231884057971,16.767294685990336,47.41642512077295,294751,12.728,121827,45.653999999999996,6.306,5.71,7.182,6.2
2025,Q1,1,2025 Q1,20251,Gaming,Europe,1272057,499180,66.51374407582938,211,86412.81308411215,214,60.03720930232558,59.372093023255815,16.603302325581396,45.56604651162791,230109,10.2125,143951,48.699999999999996,6.455357142857143,5.9875,6.953571428571428,6.330357142857143
2025,Q1,1,2025 Q1,20251,Gaming,North America,1418173,526425,65.79030837004404,227,86215.24122807017,228,58.46086956521739,57.96086956521739,16.485217391304346,45.608260869565214,356762,16.047692307692305,134827,49.66307692307692,6.335384615384616,5.606153846153846,7.450769230769231,6.336923076923076
2025,Q2,2,2025 Q2,20252,AI,Asia-Pacific,4366444,1101583,71.99638888888889,720,129240.53194444445,720,74.85931034482759,74.78620689655172,14.709710344827588,27.692551724137928,185257,12.758823529411766,159695,51.997058823529414,6.497058823529412,6.0058823529411764,7.017647058823529,6.173529411764706
2025,Q2,2,2025 Q2,20252,AI,Europe,4289213,1096692,71.32863070539419,723,129161.34668508287,724,74.59016393442623,73.68852459016394,15.151161202185792,27.521174863387976,238124,11.653191489361703,234633,57.39148936170213,6.280851063829787,5.910638297872341,7.138297872340425,6.3936170212765955
2025,Q2,2,2025 Q2,20252,AI,North America,3987758,1019286,72.18970149253731,670,131280.16541353383,665,74.48444444444445,73.35259259259259,15.032,27.910666666666668,219937,13.209756097560977,257777,41.99268292682927,6.675609756097561,5.853658536585366,7.048780487804878,5.95609756097561
2025,Q2,2,2025 Q2,20252,Cloud,Asia-Pacific,1498641,321272,70.98256880733945,218,84796.25,220,58.7027027027027,59.013513513513516,14.889774774774775,26.33783783783784,265872,13.700000000000001,126739,52.484482758620686,6.594827586206897,5.770689655172413,7.339655172413793,6.005172413793104
2025,Q2,2,2025 Q2,20252,Cloud,Europe,1127555,294586,70.36137566137566,189,84608.51578947369,190,58.17801047120419,58.19895287958115,14.814869109947644,29.567015706806284,206792,14.646808510638298,97065,53.34893617021277,6.585106382978723,5.695744680851064,7.410638297872341,6.627659574468085
2025,Q2,2,2025 Q2,20252,Cloud,North America,1412757,333774,70.57801724137931,232,85995.76521739131,230,59.68103448275862,59.57327586206897,15.120129310344828,26.957758620689653,239342,11.756521739130434,132801,51.178260869565214,6.678260869565217,5.784782608695653,7.280434782608695,6.813043478260869
2025,Q2,2,2025 Q2,20252,Cybersecurity,Asia-Pacific,1323552,348566,71.0117903930131,229,86917.37719298246,228,59.60434782608696,58.95217391304348,15.211913043478262,28.08869565217391,179400,13.76734693877551,123049,48.93877551020408,6.624489795918368,5.583673469387755,7.416326530612245,5.487755102040816
2025,Q2,2,2025 Q2,20252,Cybersecurity,Europe,1352576,327918,69.8218009478673,211,85765.24423963134,217,59.2262443438914,58.43438914027149,14.797556561085973,26.561990950226242,307381,15.445454545454545,143854,52.06181818181818,5.972727272727273,5.329090909090909,7.547272727272728,5.958181818181818
2025,Q2,2,2025 Q2,20252,Cybersecurity,North America,1391614,348643,71.3537037037037,216,84593.84722222222,216,59.78538812785388,60.23744292237443,14.763926940639271,29.24063926940639,245170,15.453061224489797,115994,50.58979591836735,6.210204081632654,5.457142857142856,7.704081632653061,6.346938775510204
2025,Q2,2,2025 Q2,20252,E-Commerce,Asia-Pacific,1416431,342102,70.70717488789238,223,84944.24888888889,225,59.42035398230089,58.89823008849557,15.269380530973452,28.460176991150444,282956,13.683050847457626,137730,51.686440677966104,6.577966101694916,5.659322033898305,6.88135593220339,5.861016949152543
2025,Q2,2,2025 Q2,20252,E-Commerce,Europe,1383522,349920,70.49605263157895,228,85247.96086956521,230,60.95670995670996,61.37229437229437,14.941515151515151,29.151515151515152,235010,15.610416666666666,105328,52.97291666666666,6.208333333333333,5.554166666666667,7.175,6.314583333333334
2025,Q2,2,2025 Q2,20252,E-Commerce,North America,1202215,304242,70.61182266009853,203,87035.66995073891,203,59.16019417475728,58.970873786407765,15.074417475728154,27.64611650485437,232596,10.947368421052632,144821,44.6140350877193,6.6912280701754385,6.043859649122807,6.750877192982457,7.171929824561404
2025,Q2,2,2025 Q2,20252,FinTech,Asia-Pacific,1333552,322335,70.8848623853211,218,105816.40454545454,220,59.665158371040725,59.68325791855204,15.078552036199095,26.68823529411765,246987,12.8811320754717,129157,50.39245283018868,6.3886792452830194,5.820754716981132,7.19622641509434,6.577358490566038
2025,Q2,2,2025 Q2,20252,FinTech,Europe,1413637,338296,70.442600896861,223,105412.90869565218,230,59.7965367965368,58.701298701298704,14.7295670995671,26.622510822510822,171616,12.279411764705882,80783,49.4,6.744117647058823,6.120588235294117,7.102941176470588,6.635294117647058
2025,Q2,2,2025 Q2,20252,FinTech,North America,1506046,361029,71.16495726495725,234,107492.33898305085,236,59.49583333333333,59.4875,14.518333333333334,27.961666666666666,237059,12.26734693877551,124608,45.27346938775511,6.8591836734693885,6.173469387755102,6.493877551020408,5.357142857142857
2025,Q2,2,2025 Q2,20252,Gaming,Asia-Pacific,1420745,576446,66.00474137931035,232,86610.83620689655,232,60.01709401709402,59.73504273504273,17.278589743589745,51.28803418803419,241899,10.229411764705883,130106,50.490196078431374,6.670588235294117,6.250980392156863,7.0509803921568635,7.207843137254902
2025,Q2,2,2025 Q2,20252,Gaming,Europe,1316954,504901,67.57869565217392,230,85397.02620087336,229,58.17748917748918,57.37229437229437,16.1708658008658,43.33593073593074,152857,12.213157894736844,100524,51.29210526315789,6.568421052631579,5.8578947368421055,7.423684210526316,6.713157894736842
2025,Q2,2,2025 Q2,20252,Gaming,North America,1267049,455010,67.72415458937198,207,86008.50961538461,208,60.04761904761905,59.74285714285714,16.998428571428573,42.642380952380954,175243,12.397142857142857,83953,60.01714285714286,6.24,5.7457142857142856,6.8428571428571425,5.991428571428571
2025,Q3,3,2025 Q3,20253,AI,Asia-Pacific,4390397,1036356,72.42418207681365,703,128599.3547008547,702,74.90870786516854,74.25702247191012,14.82443820224719,26.520926966292137,294835,13.144,276014,49.346000000000004,6.296,5.754,7.172000000000001,6.417999999999999
2025,Q3,3,2025 Q3,20253,AI,Europe,4049914,1021195,72.5184131736527,668,128307.19519519519,666,74.26002971768202,72.20802377414562,14.700118870728083,26.902971768202082,175350,11.97272727272727,214653,51.28409090909091,6.8568181818181815,5.956818181818182,7.193181818181818,6.404545454545455
2025,Q3,3,2025 Q3,20253,AI,North America,4168321,1064901,71.76973125884017,707,130312.18811881189,707,74.3840782122905,73.95111731843575,14.993519553072627,27.561312849162015,278547,14.354545454545455,231893,58.29318181818182,6.4772727272727275,5.8136363636363635,7.343181818181819,6.031818181818181
2025,Q3,3,2025 Q3,20253,Cloud,Asia-Pacific,1071667,272899,70.7215909090909,176,85965.91525423729,177,59.325842696629216,58.3876404494382,15.136067415730336,28.546629213483147,218498,12.546666666666667,110671,45.58,6.455555555555556,5.9,7.266666666666667,6.8422222222222215
2025,Q3,3,2025 Q3,20253,Cloud,Europe,1430738,351911,72.15042372881356,236,83808.97854077253,233,60.540084388185655,60.835443037974684,14.966666666666667,27.140084388185652,219293,11.446808510638299,107172,49.34893617021277,6.274468085106382,5.780851063829787,7.01063829787234,6.091489361702128
2025,Q3,3,2025 Q3,20253,Cloud,North America,1488275,379852,70.80967741935484,248,85760.53359683795,253,59.359683794466406,59.201581027667984,14.783833992094861,27.83675889328063,182767,11.35135135135135,98569,51.832432432432434,6.4135135135135135,5.945945945945946,7.559459459459459,7.137837837837838
2025,Q3,3,2025 Q3,20253,Cybersecurity,Asia-Pacific,1313019,324445,71.43457943925233,214,85620.92523364486,214,59.0184331797235,58.115207373271886,15.328847926267281,28.146082949308756,211361,13.027659574468084,103559,48.631914893617015,6.631914893617021,5.619148936170213,7.025531914893617,6.73404255319149
2025,Q3,3,2025 Q3,20253,Cybersecurity,Europe,1179714,327258,70.77451923076923,208,85970.74038461539,208,58.19047619047619,58.89523809523809,15.04404761904762,28.16142857142857,215789,12.445454545454545,114767,50.20454545454545,6.6863636363636365,6.0613636363636365,7.493181818181818,5.820454545454546
2025,Q3,3,2025 Q3,20253,Cybersecurity,North America,1256072,292444,71.01456310679612,206,84246.58333333333,204,59.375,60.32211538461539,14.725913461538461,26.08605769230769,301675,14.589583333333332,113410,49.32916666666667,6.389583333333333,5.4624999999999995,7.235416666666667,6.7375
2025,Q3,3,2025 Q3,20253,E-Commerce,Asia-Pacific,1279988,316346,71.32583732057417,209,88169.35545023697,211,60.10328638497653,59.50704225352113,14.68657276995305,27.151643192488265,207163,11.358333333333334,119076,52.1875,6.764583333333333,6.204166666666667,7.210416666666667,6.647916666666667
2025,Q3,3,2025 Q3,20253,E-Commerce,Europe,1350991,333647,71.98533333333333,225,86109.53125,224,58.671052631578945,57.81140350877193,15.21048245614035,26.892543859649123,358691,13.980357142857143,146649,46.00178571428571,6.558928571428572,5.8999999999999995,7.141071428571428,5.669642857142857
2025,Q3,3,2025 Q3,20253,E-Commerce,North America,1500988,362845,71.49421487603306,242,86245.6652892562,242,58.666666666666664,58.19753086419753,15.026090534979424,27.55432098765432,234279,10.792727272727273,156884,49.56909090909091,6.581818181818182,6.143636363636364,6.941818181818182,6.121818181818182
2025,Q3,3,2025 Q3,20253,FinTech,Asia-Pacific,1389940,332326,71.19276018099548,221,107097.22727272728,220,59.55156950672646,58.61883408071749,14.590807174887892,28.351569506726456,288506,11.383098591549297,170784,49.028169014084504,6.7169014084507035,5.8323943661971835,7.197183098591549,6.857746478873239
2025,Q3,3,2025 Q3,20253,FinTech,Europe,1208800,313699,70.3444976076555,209,108823.23444976077,209,60.155660377358494,60.22641509433962,15.424245283018868,26.940094339622643,290279,13.327272727272728,131109,45.45636363636363,6.330909090909091,5.747272727272728,7.232727272727273,5.9818181818181815
2025,Q3,3,2025 Q3,20253,FinTech,North America,1378492,337760,71.87743362831858,226,106045.40807174888,223,59.57964601769911,58.76106194690266,15.029070796460177,26.852212389380533,292078,13.5,115784,52.25625,6.591666666666666,5.7749999999999995,7.164583333333333,6.495833333333334
2025,Q3,3,2025 Q3,20253,Gaming,Asia-Pacific,1265615,468638,68.35308056872037,211,86185.69339622642,212,58.929577464788736,58.15492957746479,16.561737089201877,42.59906103286385,186232,14.102702702702702,91005,51.4054054054054,6.64054054054054,5.556756756756757,7.348648648648648,6.289189189189189
2025,Q3,3,2025 Q3,20253,Gaming,Europe,1541299,555900,67.32689075630252,238,85640.2731092437,238,59.41078838174274,58.83817427385892,16.55796680497925,43.921576763485476,288462,13.532608695652174,101122,51.917391304347824,6.191304347826088,5.680434782608696,7.739130434782608,6.547826086956522
2025,Q3,3,2025 Q3,20253,Gaming,North America,1501378,557685,67.81659751037344,241,87708.25726141079,241,59.76954732510288,59.181069958847736,16.45440329218107,44.598765432098766,175946,9.768181818181818,111747,51.029545454545456,6.631818181818182,6.129545454545454,7.238636363636363,7.265909090909091
2025,Q4,4,2025 Q4,20254,AI,Asia-Pacific,4092136,1009182,71.75237388724035,674,129275.61424332345,674,74.78529411764706,74.43970588235294,15.156235294117646,27.24720588235294,216444,12.466666666666667,270873,50.51777777777778,6.637777777777777,5.791111111111111,7.522222222222222,7.333333333333333
2025,Q4,4,2025 Q4,20254,AI,Europe,4164527,988598,71.81898355754858,669,130064.54969879518,664,74.48214285714286,73.69047619047619,14.828169642857144,26.493898809523813,258520,13.216981132075471,316401,51.030188679245285,6.3830188679245285,5.60188679245283,7.277358490566037,6.098113207547169
2025,Q4,4,2025 Q4,20254,AI,North America,4097510,1034167,72.27402985074626,670,128243.80029806259,671,74.66912850812407,73.79320531757755,14.993692762186114,27.789807976366323,219781,11.779591836734696,271084,47.593877551020405,6.453061224489796,5.820408163265306,6.977551020408163,6.7326530612244895
2025,Q4,4,2025 Q4,20254,Cloud,Asia-Pacific,1451079,392317,71.00948616600792,253,86231.52362204724,254,59.47450980392157,58.43529411764706,14.881450980392156,27.670980392156864,257376,17.180487804878048,96854,53.400000000000006,5.890243902439025,5.263414634146342,7.7024390243902445,5.824390243902439
2025,Q4,4,2025 Q4,20254,Cloud,Europe,1400266,331697,71.30933333333334,225,83980.01801801802,222,60.26548672566372,59.79203539823009,14.911327433628319,26.084955752212387,244113,13.794736842105262,136377,53.72631578947369,6.407017543859649,5.557894736842106,7.510526315789474,6.578947368421052
2025,Q4,4,2025 Q4,20254,Cloud,North America,1468505,395760,69.71244979919679,249,86409.97975708502,247,59.644,60.516,16.0554,31.128,190338,11.840425531914894,130804,47.225531914893615,6.493617021276595,5.995744680851064,6.638297872340425,5.363829787234042
2025,Q4,4,2025 Q4,20254,Cybersecurity,Asia-Pacific,1573975,391252,71.82661596958175,263,85306.4214559387,261,59.96629213483146,59.28464419475655,14.596591760299626,26.12996254681648,209346,13.534210526315789,87825,51.05263157894737,6.542105263157895,5.592105263157895,7.586842105263158,6.984210526315789
2025,Q4,4,2025 Q4,20254,Cybersecurity,Europe,1265111,322273,69.98612440191388,209,85904.336492891,211,59.394366197183096,57.87793427230047,14.443943661971831,27.690140845070424,215712,14.328947368421053,91062,54.60526315789474,6.292105263157895,5.45,7.447368421052632,7.0894736842105255
2025,Q4,4,2025 Q4,20254,Cybersecurity,North America,1332855,344665,70.44955357142858,224,87894.87892376681,223,59.86283185840708,60.48672566371681,15.65070796460177,28.763274336283185,231941,14.995454545454544,95994,52.35227272727273,6.470454545454545,5.420454545454546,7.9,7.002272727272728
2025,Q4,4,2025 Q4,20254,E-Commerce,Asia-Pacific,1513889,368388,70.31300448430493,223,87196.62946428571,224,59.897777777777776,59.49777777777778,15.341555555555555,31.04622222222222,165064,11.873170731707317,122423,52.617073170731715,6.378048780487805,5.734146341463415,7.4243902439024385,7.021951219512195
2025,Q4,4,2025 Q4,20254,E-Commerce,Europe,1501767,382133,71.4071129707113,239,87094.85892116182,241,59.99586776859504,59.20247933884298,15.645867768595043,29.393801652892563,165522,15.72777777777778,88659,55.31388888888889,6.161111111111111,5.747222222222223,7.152777777777778,6.324999999999999
2025,Q4,4,2025 Q4,20254,E-Commerce,North America,1412264,352501,71.12421524663678,223,85240.00446428571,224,58.72888888888889,57.68888888888889,15.194266666666667,27.65688888888889,160739,11.523809523809524,121866,55.48571428571429,6.511904761904762,6.014285714285714,6.9071428571428575,5.885714285714285
2025,Q4,4,2025 Q4,20254,FinTech,Asia-Pacific,1414902,363665,70.42157676348548,241,105168.76050420168,238,59.32921810699588,58.11522633744856,15.636049382716049,28.362139917695472,248788,11.777777777777779,105172,43.97333333333333,6.511111111111111,6.0,6.764444444444444,6.104444444444444
2025,Q4,4,2025 Q4,20254,FinTech,Europe,1457169,363790,69.87709251101322,227,105978.68584070797,226,59.78165938864629,59.76419213973799,15.882532751091702,30.841484716157204,112673,10.51,73469,53.51,6.1433333333333335,6.163333333333333,6.73,6.22
2025,Q4,4,2025 Q4,20254,FinTech,North America,1378002,338157,69.90607476635513,214,104275.50704225352,213,60.42660550458716,60.38990825688074,15.47426605504587,29.4454128440367,173538,14.0875,90287,45.47,6.584999999999999,5.7625,7.44,6.672499999999999
2025,Q4,4,2025 Q4,20254,Gaming,Asia-Pacific,1403094,466251,68.54748858447489,219,83765.05454545455,220,58.36322869955157,57.506726457399104,16.538609865470853,41.04618834080717,318944,12.67457627118644,153825,49.64237288135593,6.391525423728814,5.820338983050847,6.959322033898306,6.213559322033898
2025,Q4,4,2025 Q4,20254,Gaming,Europe,1166363,455016,66.41095238095238,210,83615.47368421052,209,60.056603773584904,60.235849056603776,16.424716981132075,42.19858490566038,181333,14.338636363636363,103174,49.99545454545455,6.290909090909091,5.781818181818182,6.627272727272728,6.465909090909091
2025,Q4,4,2025 Q4,20254,Gaming,North America,1287788,507050,68.12850678733031,221,85308.03587443946,223,59.87555555555556,59.24,16.268044444444445,45.345777777777776,250993,11.919148936170211,119395,42.34255319148936,6.797872340425532,6.044680851063831,7.380851063829787,6.778723404255319
2026,Q1,1,2026 Q1,20261,AI,Asia-Pacific,4266799,1062521,72.23386396526773,691,130461.32127351665,691,76.37446197991392,75.85796269727403,15.07126255380201,27.917073170731708,267648,13.54468085106383,261115,50.738297872340425,6.3319148936170215,5.848936170212766,6.7957446808510635,6.080851063829788
2026,Q1,1,2026 Q1,20261,AI,Europe,4147270,1049223,71.87514792899408,676,131280.94082840238,676,76.84310850439883,76.36803519061584,15.20466275659824,27.758651026392965,276642,13.098181818181818,351878,52.04727272727273,6.736363636363636,5.536363636363636,7.721818181818182,6.949090909090909
2026,Q1,1,2026 Q1,20261,AI,North America,4252590,1073518,72.18439306358381,692,130027.51005747127,696,76.87124463519314,76.068669527897,15.270758226037197,28.335622317596563,263700,12.258823529411766,268257,46.143137254901966,6.290196078431372,5.986274509803922,7.215686274509804,6.9372549019607845
2026,Q1,1,2026 Q1,20261,Cloud,Asia-Pacific,1558011,381234,70.69795081967213,244,88294.54771784232,241,61.99595141700405,60.558704453441294,15.369797570850203,28.74331983805668,266267,13.641509433962264,130567,49.92641509433962,6.530188679245283,5.820754716981132,7.049056603773585,5.80188679245283
2026,Q1,1,2026 Q1,20261,Cloud,Europe,1309294,303279,71.28341232227488,211,87852.10952380953,210,61.54245283018868,61.910377358490564,15.132028301886791,27.27311320754717,323586,12.452272727272726,99331,46.66136363636363,6.3977272727272725,5.809090909090909,7.402272727272727,6.625
2026,Q1,1,2026 Q1,20261,Cloud,North America,1429496,360592,69.94242424242425,231,87445.61802575107,233,62.136752136752136,62.572649572649574,15.24508547008547,28.981623931623933,300330,12.960344827586209,152683,50.806896551724144,6.5120689655172415,5.825862068965517,6.655172413793103,5.598275862068966
2026,Q1,1,2026 Q1,20261,Cybersecurity,Asia-Pacific,1391392,346770,71.2530701754386,228,87789.68695652173,230,61.47826086956522,60.68260869565217,15.798347826086957,28.756521739130434,245953,13.651020408163264,102866,45.26938775510204,6.395918367346939,5.614285714285715,7.381632653061224,6.655102040816327
2026,Q1,1,2026 Q1,20261,Cybersecurity,Europe,1449913,365721,70.07777777777778,234,89483.44635193133,233,60.728813559322035,60.351694915254235,14.67593220338983,28.791525423728814,260921,14.504000000000001,121071,47.873999999999995,6.306,5.632000000000001,7.364,6.2379999999999995
2026,Q1,1,2026 Q1,20261,Cybersecurity,North America,1211974,318376,70.94433497536946,203,87680.54634146341,205,60.786407766990294,60.20873786407767,15.14111650485437,28.765533980582525,281574,13.003921568627453,141979,44.68627450980392,6.250980392156863,5.692156862745098,7.301960784313725,6.786274509803922
2026,Q1,1,2026 Q1,20261,E-Commerce,Asia-Pacific,1404975,365827,71.22521367521368,234,86869.4188034188,234,61.38297872340426,59.136170212765954,15.070510638297874,27.85914893617021,191923,12.854166666666666,112375,44.106249999999996,6.527083333333334,5.6312500000000005,8.233333333333333,7.020833333333333
2026,Q1,1,2026 Q1,20261,E-Commerce,Europe,1351806,317292,71.14553990610328,213,87126.07476635514,214,60.84186046511628,60.8046511627907,15.407441860465116,28.89860465116279,239356,13.623809523809525,92295,50.68571428571429,6.088095238095238,5.635714285714285,6.883333333333334,6.242857142857143
2026,Q1,1,2026 Q1,20261,E-Commerce,North America,1366045,348033,69.42175925925926,216,85963.52093023255,215,61.05990783410138,59.327188940092164,15.47258064516129,29.852995391705072,261636,12.491489361702127,105991,51.00212765957447,6.442553191489362,5.457446808510638,7.193617021276596,6.097872340425533
2026,Q1,1,2026 Q1,20261,FinTech,Asia-Pacific,1392378,335706,72.6030042918455,233,108313.74561403508,228,61.26609442060086,60.75536480686695,15.119356223175965,26.951502145922746,172447,11.299999999999999,115445,58.5304347826087,6.645652173913043,6.208695652173914,6.745652173913044,5.113043478260869
2026,Q1,1,2026 Q1,20261,FinTech,Europe,1302790,301432,70.24903846153846,208,106385.88038277513,209,62.20952380952381,61.076190476190476,15.270333333333333,26.688095238095237,303955,13.78125,116393,49.52291666666667,6.208333333333333,5.670833333333333,6.666666666666667,5.589583333333334
2026,Q1,1,2026 Q1,20261,FinTech,North America,1277990,323088,71.59906542056075,214,109731.62037037036,216,61.27188940092166,61.986175115207374,14.795852534562211,28.666820276497695,169170,14.717500000000001,85202,52.92,6.4799999999999995,5.6725,7.3175,6.2475000000000005
2026,Q1,1,2026 Q1,20261,Gaming,Asia-Pacific,1394964,515732,68.26949152542373,236,87805.19915254238,236,62.09623430962343,62.0,16.993514644351464,43.66443514644351,302092,11.64516129032258,176551,57.13225806451613,6.419354838709677,6.012903225806451,6.490322580645161,6.42741935483871
2026,Q1,1,2026 Q1,20261,Gaming,Europe,1484048,557165,68.55622489959839,249,87184.97154471544,246,61.5,62.1,16.44604,43.041599999999995,194308,12.611904761904762,116785,49.55714285714286,6.128571428571428,5.819047619047619,7.211904761904761,6.309523809523809
2026,Q1,1,2026 Q1,20261,Gaming,North America,1513691,586824,67.35461847389558,249,85265.70204081632,245,61.692,60.736,16.3986,46.161199999999994,228343,12.835897435897436,84824,51.630769230769225,6.52051282051282,6.05897435897436,7.423076923076923,7.402564102564102
2026,Q2,2,2026 Q2,20262,AI,Asia-Pacific,4047837,1039433,72.03647234678625,669,130789.65424739195,671,76.88,76.53185185185185,15.289762962962962,29.29688888888889,167983,12.091666666666667,212553,52.63055555555556,7.202777777777778,6.136111111111111,7.597222222222222,7.041666666666667
2026,Q2,2,2026 Q2,20262,AI,Europe,4165999,1017030,73.18143274853801,684,132163.14744525548,685,76.95072463768116,76.45797101449276,14.86846376811594,25.846521739130434,319308,12.56078431372549,265511,52.356862745098034,6.7254901960784315,5.564705882352942,7.468627450980391,7.303921568627451
2026,Q2,2,2026 Q2,20262,AI,North America,4296590,1022324,72.98421052631579,684,130374.63142437591,681,76.4608695652174,74.90289855072464,15.005260869565216,26.37405797101449,185243,10.064285714285713,230100,48.59761904761905,6.714285714285714,6.29047619047619,6.838095238095238,6.314285714285714
2026,Q2,2,2026 Q2,20262,Cloud,Asia-Pacific,1194287,331157,68.93091787439614,207,88771.84285714285,210,61.535545023696685,61.51658767772512,15.027203791469192,30.854028436018957,167388,11.143181818181818,112779,51.00681818181818,6.8,6.040909090909091,6.956818181818182,6.529545454545455
2026,Q2,2,2026 Q2,20262,Cloud,Europe,1450805,420903,69.90856031128405,257,86297.19691119691,259,61.50965250965251,60.76061776061776,14.995559845559844,30.09034749034749,166023,13.871428571428572,102933,59.14,6.337142857142857,5.202857142857143,8.362857142857143,7.482857142857142
2026,Q2,2,2026 Q2,20262,Cloud,North America,1349684,342161,70.98721461187215,219,87986.95433789954,219,61.0316742081448,59.289592760180994,15.14995475113122,28.18235294117647,266618,13.172,120594,49.8,6.48,5.606,7.797999999999999,6.642
2026,Q2,2,2026 Q2,20262,Cybersecurity,Asia-Pacific,1250583,305980,70.3328502415459,207,86350.61352657004,207,61.377990430622006,61.47846889952153,14.709999999999999,27.726794258373204,229970,14.545833333333334,105529,46.206250000000004,6.747916666666666,5.71875,7.941666666666666,7.127083333333334
2026,Q2,2,2026 Q2,20262,Cybersecurity,Europe,1517731,348674,71.15394190871369,241,84641.90495867768,242,61.45679012345679,60.83127572016461,15.043744855967079,26.633333333333333,255396,12.885106382978725,124235,55.238297872340425,6.527659574468085,5.851063829787234,7.327659574468084,6.002127659574469
2026,Q2,2,2026 Q2,20262,Cybersecurity,North America,1319189,303450,72.31330275229358,218,86037.55656108598,221,60.95945945945946,59.21621621621622,14.593873873873875,24.90765765765766,192113,10.967391304347826,127730,47.97608695652174,6.567391304347827,6.078260869565218,6.3999999999999995,6.360869565217392
2026,Q2,2,2026 Q2,20262,E-Commerce,Asia-Pacific,1325034,298161,68.99851485148515,202,87192.47738693467,199,61.45544554455446,60.78712871287129,15.53920792079208,28.234653465346533,207544,12.713333333333335,121838,48.120000000000005,6.46,6.057777777777778,6.8355555555555565,5.808888888888888
2026,Q2,2,2026 Q2,20262,E-Commerce,Europe,1334228,296012,71.48767772511849,211,87207.58851674641,209,61.33490566037736,59.014150943396224,13.991745283018869,25.991981132075473,220362,16.40487804878049,82585,51.66829268292683,6.475609756097561,5.2024390243902445,7.717073170731707,6.524390243902439
2026,Q2,2,2026 Q2,20262,E-Commerce,North America,1606120,363530,70.71825726141078,241,84402.77083333333,240,61.929752066115704,61.66942148760331,15.423181818181817,28.545454545454547,292436,10.552727272727273,152937,48.69454545454545,6.663636363636364,5.885454545454545,7.049090909090909,6.705454545454546
2026,Q2,2,2026 Q2,20262,FinTech,Asia-Pacific,1434981,324698,71.41869565217391,230,106530.12554112554,231,61.435344827586206,60.35344827586207,14.320172413793104,25.352586206896554,192631,10.96326530612245,134805,48.0734693877551,6.40204081632653,6.087755102040816,6.648979591836735,6.210204081632654
2026,Q2,2,2026 Q2,20262,FinTech,Europe,1343742,346805,70.74366197183099,213,105997.50471698113,212,61.31455399061033,61.00469483568075,15.532910798122067,31.538028169014087,250113,14.014583333333334,101953,54.37083333333334,6.322916666666667,5.729166666666667,7.5625,6.639583333333333
2026,Q2,2,2026 Q2,20262,FinTech,North America,1347313,344428,70.96767241379311,232,105100.96566523606,233,62.103004291845494,62.3862660944206,14.863991416309013,27.432188841201715,146973,8.0,92049,50.3875,6.9875,6.435,6.975,6.295
2026,Q2,2,2026 Q2,20262,Gaming,Asia-Pacific,1320837,527335,67.20776255707763,219,85349.83636363636,220,60.85585585585586,60.51801801801802,16.962027027027027,48.65045045045045,233578,12.410416666666668,132164,54.2875,6.75,5.972916666666666,6.5062500000000005,5.620833333333334
2026,Q2,2,2026 Q2,20262,Gaming,Europe,1409486,515909,67.3824034334764,233,88124.84782608696,230,61.25321888412017,59.738197424892704,16.78922746781116,45.30858369098712,184132,12.610810810810811,88810,51.37567567567568,6.854054054054054,5.978378378378378,6.735135135135135,5.954054054054055
2026,Q2,2,2026 Q2,20262,Gaming,North America,1435213,507875,67.49383259911895,227,88646.83259911895,227,63.26086956521739,62.708695652173915,17.076608695652173,44.17217391304348,207589,11.447727272727272,95400,49.65909090909091,6.659090909090909,6.013636363636365,6.763636363636365,6.406818181818181
2026,Q3,3,2026 Q3,20263,AI,Asia-Pacific,4300243,1050155,71.88198324022346,716,130848.6283309958,713,76.99030470914127,76.93905817174515,14.680817174515234,26.35817174515235,230435,13.804444444444446,216772,53.540000000000006,6.535555555555556,5.562222222222222,7.693333333333333,6.775555555555555
2026,Q3,3,2026 Q3,20263,AI,Europe,3800698,977134,72.1937019969278,651,130109.27828746177,654,76.38787878787879,75.48333333333333,15.015030303030303,26.790757575757578,270935,11.682456140350876,337226,48.81754385964912,6.764912280701755,5.950877192982456,6.733333333333333,6.043859649122807
2026,Q3,3,2026 Q3,20263,AI,North America,4115573,1051792,71.5649855907781,694,130722.32091690545,698,76.69900142653353,75.90870185449359,14.746704707560628,27.907703281027104,270640,11.427450980392155,288217,47.58627450980392,6.786274509803922,6.023529411764706,6.7176470588235295,6.664705882352941
2026,Q3,3,2026 Q3,20263,Cloud,Asia-Pacific,1409283,350386,71.00598290598292,234,87022.79411764706,238,61.38493723849373,61.05857740585774,14.390125523012552,27.57364016736402,220668,12.554,122828,51.678000000000004,6.638,5.97,7.096,6.242000000000001
2026,Q3,3,2026 Q3,20263,Cloud,Europe,1523082,379150,71.56854838709677,248,89798.74596774194,248,62.408,62.356,14.51976,27.1784,307361,14.90408163265306,107955,47.26734693877551,6.428571428571429,5.628571428571429,7.622448979591836,7.0
2026,Q3,3,2026 Q3,20263,Cloud,North America,1273815,335475,69.93796296296297,216,89240.66511627907,215,61.61290322580645,61.00921658986175,15.758064516129032,29.480184331797233,175087,10.81875,117319,46.418749999999996,6.675,5.947916666666667,6.9125000000000005,6.385416666666667
2026,Q3,3,2026 Q3,20263,Cybersecurity,Asia-Pacific,1472283,346189,72.43119658119659,234,86693.53846153847,234,61.309322033898304,60.860169491525426,14.780423728813558,27.768644067796608,221002,12.118421052631579,96111,45.45263157894737,6.605263157894737,5.7973684210526315,7.052631578947368,6.718421052631579
2026,Q3,3,2026 Q3,20263,Cybersecurity,Europe,1534331,369682,70.25081967213114,244,85756.01659751037,241,61.395161290322584,61.108870967741936,14.933870967741935,28.158870967741933,259700,11.975862068965517,156440,53.67758620689656,6.596551724137932,5.777586206896552,6.875862068965517,6.118965517241379
2026,Q3,3,2026 Q3,20263,Cybersecurity,North America,1500302,351831,70.94572649572649,234,86264.64377682403,233,62.08050847457627,62.34322033898305,14.524661016949153,27.260593220338983,240967,13.072093023255814,95909,56.05813953488372,6.446511627906976,5.613953488372093,7.42093023255814,6.1720930232558135
2026,Q3,3,2026 Q3,20263,E-Commerce,Asia-Pacific,1512731,335592,72.00176991150443,226,85854.61403508772,228,60.580786026200876,60.60698689956332,14.653930131004367,26.91877729257642,249953,12.35,123845,54.486000000000004,6.644,5.72,7.154,6.256
2026,Q3,3,2026 Q3,20263,E-Commerce,Europe,1379475,345091,70.93668122270742,229,87212.76190476191,231,60.939655172413794,60.23275862068966,14.694094827586207,27.729741379310347,309971,13.425999999999998,102074,46.396,6.093999999999999,5.636,7.2219999999999995,6.308
2026,Q3,3,2026 Q3,20263,E-Commerce,North America,1520273,365455,70.39267241379311,232,84504.50649350649,231,61.44206008583691,60.68669527896996,15.446695278969957,28.306437768240343,295857,15.448,108202,53.468,6.294,5.734,7.372000000000001,6.486000000000001
2026,Q3,3,2026 Q3,20263,FinTech,Asia-Pacific,1424528,357887,71.44173913043478,230,105002.23404255319,235,61.17299578059072,60.413502109704645,15.064135021097046,27.172573839662444,222149,13.530555555555557,91157,45.16111111111111,6.361111111111111,5.699999999999999,7.277777777777778,6.069444444444445
2026,Q3,3,2026 Q3,20263,FinTech,Europe,1348488,331119,71.95180180180179,222,105702.76,225,60.49333333333333,60.01777777777778,14.887155555555555,26.418222222222223,288140,12.274603174603174,166995,51.199999999999996,6.592063492063493,5.79047619047619,7.20952380952381,6.776190476190476
2026,Q3,3,2026 Q3,20263,FinTech,North America,1424279,337871,70.69156118143461,237,105487.88983050847,236,61.53586497890296,60.860759493670884,14.687679324894514,25.28818565400844,272144,12.298076923076923,143610,42.08653846153846,6.582692307692308,5.796153846153846,6.765384615384615,5.876923076923077
2026,Q3,3,2026 Q3,20263,Gaming,Asia-Pacific,1336510,537866,67.89213973799126,229,88292.1806167401,227,61.297413793103445,61.16379310344828,15.873663793103448,44.60086206896552,270594,11.957142857142857,156393,49.225,6.541071428571429,5.7196428571428575,7.460714285714286,6.223214285714286
2026,Q3,3,2026 Q3,20263,Gaming,Europe,1292486,526747,67.31415094339623,212,86058.66511627907,215,61.32093023255814,61.29302325581396,16.83879069767442,49.390697674418604,220714,12.459574468085107,111796,48.47872340425532,6.619148936170213,5.663829787234042,7.446808510638298,6.708510638297873
2026,Q3,3,2026 Q3,20263,Gaming,North America,1336983,492159,68.34120370370371,216,87513.69953051643,213,61.87155963302752,59.857798165137616,16.82435779816514,44.74954128440367,213508,13.568292682926828,98970,48.84146341463415,6.373170731707317,5.809756097560975,7.1780487804878055,7.180487804878048
2026,Q4,4,2026 Q4,20264,AI,Asia-Pacific,4180689,1080120,72.28338235294117,680,130246.49779735683,681,76.02919708029196,75.45255474452554,15.135518248175183,28.83941605839416,311524,14.853191489361702,274831,47.95744680851064,6.285106382978723,5.517021276595745,7.272340425531915,6.217021276595744
2026,Q4,4,2026 Q4,20264,AI,Europe,4391592,1049105,72.25192837465565,726,131382.24233983288,718,76.43032786885246,75.34972677595628,14.919180327868853,26.11598360655738,271618,12.58448275862069,350505,41.751724137931035,6.408620689655172,5.820689655172414,6.782758620689655,6.086206896551724
2026,Q4,4,2026 Q4,20264,AI,North America,4232321,1021903,72.03808095952024,667,130415.68263473053,668,76.2311111111111,75.58666666666667,15.071348148148148,27.47348148148148,218205,15.844444444444443,176650,50.34166666666667,6.261111111111111,5.241666666666666,7.463888888888889,6.472222222222222
2026,Q4,4,2026 Q4,20264,Cloud,Asia-Pacific,1187624,303102,71.49402985074626,201,82624.96078431372,204,61.321951219512194,60.014634146341464,14.968536585365854,27.52634146341463,152589,10.488095238095237,117632,49.71666666666666,6.840476190476191,6.064285714285714,6.621428571428572,5.95952380952381
2026,Q4,4,2026 Q4,20264,Cloud,Europe,1289111,313839,71.3267942583732,209,87173.8309178744,207,61.611374407582936,61.360189573459714,14.904928909952607,26.467298578199053,248763,13.714,123792,49.294,6.544,5.686,7.627999999999999,6.638
2026,Q4,4,2026 Q4,20264,Cloud,North America,1352751,340880,70.81955555555555,225,86517.56637168142,226,61.50218340611354,60.79475982532751,14.778427947598255,27.21528384279476,187745,12.85,122502,55.56875,6.402083333333334,5.845833333333334,7.079166666666667,6.795833333333333
2026,Q4,4,2026 Q4,20264,Cybersecurity,Asia-Pacific,1465213,354574,70.71434599156117,237,87492.76170212765,235,61.76470588235294,61.34033613445378,14.710546218487396,28.047899159663864,272889,12.744444444444444,108667,50.771111111111104,6.502222222222223,5.837777777777777,7.0488888888888885,5.8133333333333335
2026,Q4,4,2026 Q4,20264,Cybersecurity,Europe,1411331,364783,69.26666666666667,228,85612.05701754386,228,61.03896103896104,60.28138528138528,15.210606060606061,30.693939393939395,196982,12.4,94549,50.739534883720935,6.411627906976744,5.806976744186046,6.995348837209303,5.713953488372093
2026,Q4,4,2026 Q4,20264,Cybersecurity,North America,1265363,302561,70.89999999999999,207,85830.8495145631,206,61.70048309178744,61.130434782608695,14.957246376811595,26.821739130434786,250545,10.846428571428572,122640,45.160714285714285,6.6499999999999995,5.998214285714285,7.228571428571429,6.121428571428572
2026,Q4,4,2026 Q4,20264,E-Commerce,Asia-Pacific,1418810,365793,70.59515418502203,227,87177.99555555555,225,61.16883116883117,60.76623376623377,15.266926406926407,29.37965367965368,212410,11.804255319148934,134127,50.05531914893617,6.670212765957447,5.980851063829788,7.414893617021277,7.1
2026,Q4,4,2026 Q4,20264,E-Commerce,Europe,1344388,340703,70.31288888888889,225,85995.50442477876,226,61.29824561403509,61.62280701754386,15.4640350877193,27.644736842105264,130195,11.273333333333333,138705,47.044444444444444,6.708888888888889,5.893333333333333,7.288888888888889,6.604444444444444
2026,Q4,4,2026 Q4,20264,E-Commerce,North America,1524190,393743,72.09565217391305,253,88834.11417322834,254,62.24513618677043,62.3307392996109,14.948793774319066,27.456031128404668,307647,14.06607142857143,118153,52.208928571428565,6.1625000000000005,5.682142857142857,7.317857142857143,6.264285714285714
2026,Q4,4,2026 Q4,20264,FinTech,Asia-Pacific,1259636,331690,71.05466666666666,225,105577.84,225,61.95111111111111,61.22666666666667,15.459955555555554,28.543999999999997,224740,14.385106382978725,103098,52.90212765957447,6.427659574468086,5.472340425531915,7.929787234042553,6.708510638297873
2026,Q4,4,2026 Q4,20264,FinTech,Europe,1382697,343352,70.37660550458716,218,107720.33179723502,217,61.99543378995434,61.922374429223744,15.173059360730594,29.74703196347032,219588,12.953846153846154,97117,46.95641025641026,6.32051282051282,5.748717948717949,7.315384615384616,7.228205128205127
2026,Q4,4,2026 Q4,20264,FinTech,North America,1225914,318389,69.95471698113208,212,106204.92523364486,214,61.28504672897196,60.42056074766355,14.780560747663552,26.828504672897196,161735,9.941025641025641,102230,49.01282051282051,6.530769230769231,6.18974358974359,6.748717948717949,6.541025641025641
2026,Q4,4,2026 Q4,20264,Gaming,Asia-Pacific,1152406,467143,67.35576923076923,208,85837.61244019138,209,61.666666666666664,60.96666666666667,16.118333333333332,43.11333333333333,255235,11.6875,154741,47.38214285714286,6.596428571428571,6.023214285714286,6.458928571428571,5.5249999999999995
2026,Q4,4,2026 Q4,20264,Gaming,Europe,1307769,479864,68.51201923076923,208,85864.25238095238,210,61.95283018867924,61.68867924528302,16.28504716981132,43.762735849056604,311971,12.660377358490566,126268,54.00377358490566,6.5150943396226415,5.760377358490566,7.718867924528302,6.867924528301887
2026,Q4,4,2026 Q4,20264,Gaming,North America,1458550,501710,68.65803571428572,224,85483.65625,224,61.78165938864629,62.275109170305676,16.403668122270744,43.24235807860262,201559,10.84468085106383,125161,51.92978723404255,6.659574468085107,6.214893617021277,7.334042553191489,6.419148936170212
